Gene	g+t+	g+t-	g-t+	g-t-	sensitivity	specificity	odds_ratio	fisher_p	fisher_q	empirical_p	fq*ep	contrasting	supporting	opposing	best	worst	trait	__contingency_table__	__pattern_id__
blaA	45	5374	356	4182	88.7780548628429	56.236919213059856	0.0983668767222958	1.1292296108458007e-76	1.422829309665709e-73	0.9840319361277444	1.40010948036965e-73	4.0	3.0	3.0	0.625	0.625	complete_genome		
vat(F)	44	5242	357	4314	89.02743142144638	54.85558811218083	0.1014302706966037	1.6042314625691427e-73	2.0213316428371198e-70	0.1297405189620758	2.6224861633615325e-71	5.0	2.0	3.0	1.0	1.0	complete_genome		
blaYRC	45	171	356	9385	11.221945137157109	98.21054834658854	6.937463039621526	2.038601000775429e-20	2.568637260977041e-17	0.9461077844311376	2.4302077079902538e-17	2.0	1.0	2.0	0.5	1.0	complete_genome		
blaA	174	5245	819	3719	82.4773413897281	58.51182507809014	0.1506419859136732	1.4324600700914523e-140	1.80489968831523e-137	1.0	1.80489968831523e-137	6.0	4.0	3.0	0.6875	1.0	era_era_2000s		
vat(F)	174	5112	819	3852	82.4773413897281	57.0281124497992	0.1600887375535263	4.4815596892329944e-131	5.646765208433572e-128	0.8822355289421158	4.981776890474329e-128	7.0	5.0	3.0	0.453125	1.0	era_era_2000s		
blaYRC	43	173	950	8791	4.33031218529708	98.07005800981705	2.3000486766048067	8.713145132882545e-06	0.010978562867432	0.8902195608782435	0.0097733314149195	3.0	1.0	3.0	0.25	1.0	era_era_2000s		
blaYRC	17	199	249	9492	6.390977443609022	97.94654834382416	3.256523581764243	6.571620839515185e-05									era_era_2010_14	(17, 199, 249, 9492)	51.0
aadA12	9	61	257	9630	3.3834586466165413	99.37054999484056	5.528481214518084	9.463237514319106e-05									era_era_2010_14	(9, 61, 257, 9630)	54.0
catA1	9	65	257	9626	3.3834586466165413	99.32927458466618	5.186111942532176	0.0001465414262772									era_era_2010_14	(9, 65, 257, 9626)	55.0
qacEdelta1	9	87	257	9604	3.3834586466165413	99.10225982870703	3.8658258419428417	0.0010322068255553									era_era_2010_14	(9, 87, 257, 9604)	56.0
sul1	8	88	258	9603	3.007518796992481	99.09194097616346	3.383720930232558	0.0040731866432016									era_era_2010_14	(8, 88, 258, 9603)	53.0
vat(F)	164	5122	102	4569	61.65413533834586	47.14683727169538	1.4342513264579553	0.0049964934792073									era_era_2010_14	(164, 5122, 102, 4569)	58.0
tet(B)	3	11	263	9680	1.1278195488721805	99.88649262202044	10.038022813688212	0.0055154734759209									era_era_2010_14	(3, 11, 263, 9680)	57.0
blaA	167	5252	99	4439	62.78195488721805	45.80538644102776	1.4257444975266758	0.0059614489417134									era_era_2010_14	(167, 5252, 99, 4439)	59.0
blaLAP-2	1	0	265	9691	0.3759398496240601	100.0	inf	0.026714873958076									era_era_2010_14	(1, 0, 265, 9691)	45.0
qnrS1	1	0	265	9691	0.3759398496240601	100.0	inf	0.026714873958076									era_era_2010_14	(1, 0, 265, 9691)	45.0
sul2	6	93	260	9598	2.255639097744361	99.04034671344546	2.381637717121588	0.0490751530648389									era_era_2010_14	(6, 93, 260, 9598)	50.0
tet(A)	6	95	260	9596	2.255639097744361	99.01970900835828	2.331012145748988	0.0531619211971834									era_era_2010_14	(6, 95, 260, 9596)	49.0
aadA5	1	3	265	9688	0.3759398496240601	99.9690434423692	12.18616352201258	0.1026679890366787									era_era_2010_14	(1, 3, 265, 9688)	48.0
dfrA17	1	3	265	9688	0.3759398496240601	99.9690434423692	12.18616352201258	0.1026679890366787									era_era_2010_14	(1, 3, 265, 9688)	48.0
qacE	1	4	265	9687	0.3759398496240601	99.9587245898256	9.13867924528302	0.1266497347341027									era_era_2010_14	(1, 4, 265, 9687)	52.0
aph(3'')-Ib	4	71	262	9620	1.5037593984962403	99.2673614694046	2.0685947747554025	0.1403622256023002									era_era_2010_14	(4, 71, 262, 9620)	46.0
aph(6)-Id	4	73	262	9618	1.5037593984962403	99.2467237643174	2.01150266652724	0.1502175194993042									era_era_2010_14	(4, 73, 262, 9618)	47.0
aadA1	0	68	266	9623	100.0	0.7016819729646063	0.0	0.2657053824206078									era_era_2010_14	(0, 68, 266, 9623)	41.0
floR	0	37	266	9654	100.0	0.3817975441130946	0.0	0.6263930376094311									era_era_2010_14	(0, 37, 266, 9654)	42.0
dfrA1	0	38	266	9653	100.0	0.3921163966566918	0.0	0.6265457213639647									era_era_2010_14	(0, 38, 266, 9653)	32.0
aac(6')	0	23	266	9668	100.0	0.2373336085027345	0.0	0.9999999999646824									era_era_2010_14	(0, 23, 266, 9668)	29.0
blaYEM	0	16	266	9675	100.0	0.1651016406975544	0.0	0.9999999999692372									era_era_2010_14	(0, 16, 266, 9675)	19.0
aac(6')-Il	0	3	266	9688	100.0	0.0309565576307914	0.0	0.9999999999812742									era_era_2010_14	(0, 3, 266, 9688)	11.0
aadA22	0	3	266	9688	100.0	0.0309565576307914	0.0	0.9999999999812742									era_era_2010_14	(0, 3, 266, 9688)	31.0
blaCMY-2	0	3	266	9688	100.0	0.0309565576307914	0.0	0.9999999999812742									era_era_2010_14	(0, 3, 266, 9688)	11.0
catB2	0	3	266	9688	100.0	0.0309565576307914	0.0	0.9999999999812742									era_era_2010_14	(0, 3, 266, 9688)	16.0
dfrB1	0	3	266	9688	100.0	0.0309565576307914	0.0	0.9999999999812742									era_era_2010_14	(0, 3, 266, 9688)	27.0
mph(A)	0	3	266	9688	100.0	0.0309565576307914	0.0	0.9999999999812742									era_era_2010_14	(0, 3, 266, 9688)	11.0
mrx(A)	0	3	266	9688	100.0	0.0309565576307914	0.0	0.9999999999812742									era_era_2010_14	(0, 3, 266, 9688)	11.0
tet(Y)	0	3	266	9688	100.0	0.0309565576307914	0.0	0.9999999999812742									era_era_2010_14	(0, 3, 266, 9688)	12.0
dfrA14	0	21	266	9670	100.0	0.2166959034155402	0.0	0.9999999999820064									era_era_2010_14	(0, 21, 266, 9670)	33.0
tet(C)	1	45	265	9646	99.62406015037594	0.4643483644618718	0.8088888888888889	0.9999999999841348									era_era_2010_14	(1, 45, 265, 9646)	44.0
aac(3)-IVa	0	4	266	9687	100.0	0.0412754101743886	0.0	0.9999999999890696									era_era_2010_14	(0, 4, 266, 9687)	22.0
aph(4)-Ia	0	4	266	9687	100.0	0.0412754101743886	0.0	0.9999999999890696									era_era_2010_14	(0, 4, 266, 9687)	22.0
blaYEM-1	0	4	266	9687	100.0	0.0412754101743886	0.0	0.9999999999890696									era_era_2010_14	(0, 4, 266, 9687)	17.0
qnrD1	0	4	266	9687	100.0	0.0412754101743886	0.0	0.9999999999890696									era_era_2010_14	(0, 4, 266, 9687)	28.0
qacK	0	30	266	9661	100.0	0.3095655763079145	0.0	0.9999999999914124									era_era_2010_14	(0, 30, 266, 9661)	43.0
aadA15	0	1	266	9690	100.0	0.0103188525435971	0.0	0.9999999999941472									era_era_2010_14	(0, 1, 266, 9690)	1.0
blaFONA	0	1	266	9690	100.0	0.0103188525435971	0.0	0.9999999999941472									era_era_2010_14	(0, 1, 266, 9690)	5.0
blaSHV-1	0	1	266	9690	100.0	0.0103188525435971	0.0	0.9999999999941472									era_era_2010_14	(0, 1, 266, 9690)	13.0
blaTEM-135	0	1	266	9690	100.0	0.0103188525435971	0.0	0.9999999999941472									era_era_2010_14	(0, 1, 266, 9690)	0.0
catB	0	1	266	9690	100.0	0.0103188525435971	0.0	0.9999999999941472									era_era_2010_14	(0, 1, 266, 9690)	7.0
lnu(G)	0	1	266	9690	100.0	0.0103188525435971	0.0	0.9999999999941472									era_era_2010_14	(0, 1, 266, 9690)	2.0
mph(B)	0	1	266	9690	100.0	0.0103188525435971	0.0	0.9999999999941472									era_era_2010_14	(0, 1, 266, 9690)	3.0
mph(E)	0	1	266	9690	100.0	0.0103188525435971	0.0	0.9999999999941472									era_era_2010_14	(0, 1, 266, 9690)	4.0
msr(E)	0	1	266	9690	100.0	0.0103188525435971	0.0	0.9999999999941472									era_era_2010_14	(0, 1, 266, 9690)	4.0
qacG2	0	1	266	9690	100.0	0.0103188525435971	0.0	0.9999999999941472									era_era_2010_14	(0, 1, 266, 9690)	10.0
qnrD	0	1	266	9690	100.0	0.0103188525435971	0.0	0.9999999999941472									era_era_2010_14	(0, 1, 266, 9690)	8.0
tet(59)	0	1	266	9690	100.0	0.0103188525435971	0.0	0.9999999999941472									era_era_2010_14	(0, 1, 266, 9690)	7.0
aph(3')-Ia	0	5	266	9686	100.0	0.0515942627179857	0.0	0.999999999997353									era_era_2010_14	(0, 5, 266, 9686)	14.0
blaTEM-1	0	5	266	9686	100.0	0.0515942627179857	0.0	0.999999999997353									era_era_2010_14	(0, 5, 266, 9686)	25.0
estX-3	0	5	266	9686	100.0	0.0515942627179857	0.0	0.999999999997353									era_era_2010_14	(0, 5, 266, 9686)	35.0
mef(B)	0	5	266	9686	100.0	0.0515942627179857	0.0	0.999999999997353									era_era_2010_14	(0, 5, 266, 9686)	34.0
qacL	0	5	266	9686	100.0	0.0515942627179857	0.0	0.999999999997353									era_era_2010_14	(0, 5, 266, 9686)	35.0
tet(H)	0	5	266	9686	100.0	0.0515942627179857	0.0	0.999999999997353									era_era_2010_14	(0, 5, 266, 9686)	24.0
cmlA1	0	6	266	9685	100.0	0.0619131152615829	0.0	0.9999999999974076									era_era_2010_14	(0, 6, 266, 9685)	36.0
qnrB19	0	6	266	9685	100.0	0.0619131152615829	0.0	0.9999999999974076									era_era_2010_14	(0, 6, 266, 9685)	6.0
sat2	0	36	266	9655	100.0	0.3714786915694975	0.0	0.999999999997537									era_era_2010_14	(0, 36, 266, 9655)	30.0
tet(D)	0	8	266	9683	100.0	0.0825508203487772	0.0	0.999999999999575									era_era_2010_14	(0, 8, 266, 9683)	15.0
aadA13	0	2	266	9689	100.0	0.0206377050871943	0.0	1.0									era_era_2010_14	(0, 2, 266, 9689)	26.0
aadA25	0	2	266	9689	100.0	0.0206377050871943	0.0	1.0									era_era_2010_14	(0, 2, 266, 9689)	21.0
aadA31	0	2	266	9689	100.0	0.0206377050871943	0.0	1.0									era_era_2010_14	(0, 2, 266, 9689)	23.0
dfrA12	0	2	266	9689	100.0	0.0206377050871943	0.0	1.0									era_era_2010_14	(0, 2, 266, 9689)	9.0
estX	0	2	266	9689	100.0	0.0206377050871943	0.0	1.0									era_era_2010_14	(0, 2, 266, 9689)	20.0
sul3	0	7	266	9684	100.0	0.07223196780518	0.0	1.0									era_era_2010_14	(0, 7, 266, 9684)	37.0
blaTEM-116	0	14	266	9677	100.0	0.1444639356103601	0.0	1.0									era_era_2010_14	(0, 14, 266, 9677)	39.0
aadA2	0	9	266	9682	100.0	0.0928696728923743	0.0	1.0									era_era_2010_14	(0, 9, 266, 9682)	38.0
blaTEM	0	9	266	9682	100.0	0.0928696728923743	0.0	1.0									era_era_2010_14	(0, 9, 266, 9682)	18.0
estX/sat2	0	10	266	9681	100.0	0.1031885254359715	0.0	1.0									era_era_2010_14	(0, 10, 266, 9681)	40.0
blaA	525	4894	189	4349	73.52941176470588	47.051823001190094	2.4684420832765746	1.893386902501137e-27	2.385667497151433e-24	0.8223552894211577	1.9618662850826154e-24	7.0	7.0	3.0	0.015625	1.0	era_era_2015_19		
vat(F)	510	4776	204	4467	71.42857142857143	48.328464784160985	2.338253768844221	4.285870152111882e-25	5.400196391660971e-22	0.8363273453093812	4.51633191238712e-22	7.0	5.0	4.0	0.453125	1.0	era_era_2015_19		
sul2	36	63	678	9180	5.042016806722689	99.31840311587146	7.737041719342605	4.5231529578416905e-17	5.69917272688053e-14	0.0578842315369261	3.298922336916874e-15	8.0	6.0	6.0	0.2890625	0.2890625	era_era_2015_19		
sul1	29	67	685	9176	4.061624649859944	99.2751271232284	5.798104368667611	1.142205086242463e-11	1.4391784086655034e-08	0.2534930139720558	3.6482167245612558e-09	7.0	4.0	4.0	1.0	1.0	era_era_2015_19		
qacEdelta1	29	67	685	9176	4.061624649859944	99.2751271232284	5.798104368667611	1.142205086242463e-11	1.4391784086655034e-08	0.2714570858283433	3.906751768034101e-09	5.0	3.0	3.0	1.0	1.0	era_era_2015_19		
tet(A)	27	74	687	9169	3.7815126050420167	99.199394136103	4.86964475392423	1.255973717626453e-09	1.5825268842093308e-06	0.0558882235528942	8.844461628315621e-08	12.0	8.0	5.0	0.3876953125	0.7744140625	era_era_2015_19		
floR	15	22	699	9221	2.100840336134454	99.76198204046304	8.99434256730394	1.2451122155544516e-08	1.568841391598609e-05	0.0878243512974051	1.3778247750566626e-06	6.0	4.0	4.0	0.6875	0.6875	era_era_2015_19		
dfrA1	15	23	699	9220	2.100840336134454	99.75116304230228	8.60235118492256	1.9221648453939e-08	2.4219277051963138e-05	0.1117764471057884	2.707144740339193e-06	4.0	3.0	3.0	0.625	0.625	era_era_2015_19		
aadA12	21	49	693	9194	2.941176470588235	99.46986909012226	5.685837971552258	9.320282858695836e-09	1.1743556401956754e-05	0.3313373253493014	3.891078568313016e-06	2.0	2.0	1.0	0.5	1.0	era_era_2015_19		
aph(3'')-Ib	22	53	692	9190	3.081232492997199	99.42659309747916	5.512596793543461	6.590182984078965e-09	8.303630559939495e-06	0.4790419161676646	3.977787094581794e-06	3.0	3.0	2.0	0.25	1.0	era_era_2015_19		
catA1	22	52	692	9191	3.081232492997199	99.43741209563994	5.619219653179191	4.9883303301382495e-09	6.285296215974195e-06	0.8043912175648703	5.055837075923355e-06	5.0	3.0	4.0	0.375	1.0	era_era_2015_19		
aph(6)-Id	22	55	692	9188	3.081232492997199	99.40495510115764	5.310982658959538	1.1317943203233556e-08	1.4260608436074285e-05	0.5548902195608783	7.913072146164972e-06	2.0	2.0	2.0	0.5	0.5	era_era_2015_19		
aadA1	20	48	694	9195	2.801120448179272	99.48068808828302	5.520533141210374	3.058866185387613e-08	3.8541713935883925e-05	0.2135728542914171	8.23146385457002e-06	8.0	5.0	7.0	0.0703125	0.7265625	era_era_2015_19		
sat2	14	22	700	9221	1.96078431372549	99.76198204046304	8.382727272727273	7.209449204646392e-08	9.083905997854453e-05	0.8682634730538922	7.88722377059219e-05	4.0	1.0	4.0	0.125	0.625	era_era_2015_19		
blaYRC	34	182	680	9061	4.761904761904762	98.0309423347398	2.4892857142857143	1.2087023678126272e-05	0.0152296498344391	0.9221556886227544	0.0140441082305606	3.0	2.0	3.0	0.25	1.0	era_era_2015_19		
vat(F)	3782	1504	281	4390	93.08392813192222	74.48252460128944	39.28546414780041	0.0	0.0	0.4011976047904191	0.0	7.0	6.0	4.0	0.125	1.0	era_era_2020plus		
blaA	3850	1569	213	4325	94.75756829928623	73.37970817780794	49.82465432065519	0.0	0.0	0.1996007984031936	0.0	7.0	7.0	4.0	0.015625	1.0	era_era_2020plus		
blaYRC	39	177	4024	5717	99.04011813930592	3.003053953172718	0.3130412440610574	5.953328383833524e-13	7.501193763630241e-10	0.5888223552894212	4.416870579383076e-10	3.0	2.0	3.0	0.25	1.0	era_era_2020plus		
vat(F)	113	5173	2521	2150	95.709946848899	70.64044790386454	0.0186295163157986	0.0	0.0	0.12375249500998	0.0	7.0	4.0	6.0	0.125	1.0	era_pre2000		
blaA	122	5297	2512	2026	95.36826119969628	72.33374300150211	0.0185758914131181	0.0	0.0	0.0199600798403193	0.0	6.0	4.0	6.0	0.03125	0.6875	era_pre2000		
tet(A)	3	98	2631	7225	99.88610478359908	1.3382493513587328	0.0840644125381053	3.966836288262961e-10	4.998213723211333e-07	0.4471057884231537	2.2347302874238293e-07	7.0	3.0	5.0	0.453125	1.0	era_pre2000		
sul2	3	96	2631	7227	99.88610478359908	1.3109381401065137	0.0858395096921322	6.236557343775774e-10	7.858062253157478e-07	0.6007984031936128	4.721111253893016e-07	8.0	3.0	6.0	0.2890625	0.7265625	era_pre2000		
qacEdelta1	3	93	2631	7230	99.88610478359908	1.269971323228185	0.0886453084194651	1.5398527218094724e-09	1.940214429479936e-06	0.2514970059880239	4.879581199889659e-07	4.0	3.0	2.0	0.625	1.0	era_pre2000		
aadA12	0	70	2634	7253	100.0	0.9558923938276664	0.0	5.748757634866101e-10	7.243434619931291e-07	0.7085828343313373	5.132573433284646e-07	1.0	0.0	1.0	1.0	1.0	era_pre2000		
sul1	3	93	2631	7230	99.88610478359908	1.269971323228185	0.0886453084194651	1.5398527218094724e-09	1.940214429479936e-06	0.4411177644710579	8.558630517266783e-07	5.0	3.0	3.0	1.0	1.0	era_pre2000		
catA1	1	73	2633	7250	99.96203492786636	0.9968592107059948	0.0377193575743071	5.4075700187246325e-09	6.813538223593037e-06	0.7584830339321357	5.167953143643421e-06	3.0	1.0	2.0	1.0	1.0	era_pre2000		
aadA1	2	66	2632	7257	99.92406985573272	0.9012699713232282	0.0835520862116606	5.021184520245467e-07	0.0006326692495509	0.2195608782435129	0.000138909416069	6.0	2.0	5.0	0.21875	0.6875	era_pre2000		
aph(6)-Id	3	74	2631	7249	99.88610478359908	1.0105148163321045	0.1116983574224167	3.348407169427173e-07	0.0004218993033478	0.8862275449101796	0.0003738987838052	2.0	2.0	2.0	0.5	0.5	era_pre2000		
aph(3'')-Ib	3	72	2631	7251	99.88610478359908	0.9832036050798854	0.1148327632079057	5.131959085145127e-07	0.0006466268447282	0.8083832335329342	0.0005227222996306	2.0	2.0	2.0	0.5	0.5	era_pre2000		
tet(C)	0	46	2634	7277	100.0	0.6281578588010378	0.0	8.966289522329743e-07	0.0011297524798135	0.9141716566866268	0.0010327876961169	3.0	0.0	3.0	0.25	0.25	era_pre2000		
floR	0	37	2634	7286	100.0	0.5052574081660521	0.0	1.6469091740856615e-05	0.0207510555934793	0.3053892215568862	0.0063371487141763	3.0	0.0	3.0	0.25	0.25	era_pre2000		
dfrA1	0	38	2634	7285	100.0	0.5189130137921617	0.0	1.8148668473802736e-05	0.0228673222769914	0.437125748502994	0.009995895366589	2.0	0.0	2.0	0.5	0.5	era_pre2000		
sat2	0	36	2634	7287	100.0	0.4916018025399427	0.0	2.7742941625715683e-05	0.0349561064484017	0.562874251497006	0.0196758922523938	4.0	0.0	4.0	0.125	0.125	era_pre2000		
blaYRC	162	54	1	9740	99.38650306748468	99.44864202573004	29220.0	5.277905784691199e-305	6.650161288710911e-302	0.0019960079840319	1.3273775027367086e-304	2.0	2.0	1.0	0.5	1.0	host_fish		
blaA	0	5419	163	4375	100.0	55.32979375127629	0.0	4.721622854623157e-57	5.949244796825177e-54	0.0479041916167664	2.849937627221642e-55	3.0	0.0	3.0	0.25	0.25	host_fish		
vat(F)	0	5286	163	4508	100.0	53.97181948131509	0.0	5.6994772808699256e-55	7.181341373896106e-52	0.0019960079840319	1.43340147183555e-54	3.0	0.0	3.0	0.25	0.25	host_fish		
vat(F)	2417	2869	329	4342	88.0189366351056	60.21356261267508	11.118341860004389	0.0	0.0	0.499001996007984	0.0	7.0	6.0	3.0	0.125	1.0	host_human		
blaA	2428	2991	318	4220	88.41951930080117	58.52170295382055	10.772527225281715	0.0	0.0	0.405189620758483	0.0	7.0	7.0	3.0	0.015625	1.0	host_human		
blaYRC	3	213	2743	6998	99.89075018208304	2.953820551934544	0.0359326942332082	3.4245275510443936e-26	4.3149047143159363e-23	0.7125748502994012	3.0746925808598584e-23	3.0	1.0	3.0	0.25	1.0	host_human		
qacK	27	3	2719	7208	0.9832483612527312	99.95839689363471	23.85877160720853	1.1596845926913112e-12	1.461202586791052e-09	1.0	1.461202586791052e-09	1.0	1.0	1.0	1.0	1.0	host_human		
catA1	47	27	2699	7184	1.711580480699199	99.62557204271252	4.633375873094288	1.4307333045670808e-10	1.8027239637545225e-07	0.0978043912175648	1.7631431980832656e-08	5.0	4.0	2.0	0.375	1.0	host_human		
sul1	57	39	2689	7172	2.0757465404224327	99.45915961725144	3.8981605973052607	7.759397409385131e-11	9.776840735825265e-08	0.4530938123752495	4.4298260419807086e-08	8.0	5.0	5.0	0.7265625	0.7265625	host_human		
qacEdelta1	56	40	2690	7171	2.039329934450109	99.44529191512966	3.732118959107807	2.3859277741596307e-10	3.0062689954411346e-07	0.3293413173652694	9.900885913129485e-08	6.0	3.0	5.0	0.21875	1.0	host_human		
aadA12	44	26	2702	7185	1.602330662782229	99.63943974483428	4.500085406821158	8.173697948271393e-10	1.0298859414821955e-06	0.3073852295409182	3.165717265234693e-07	2.0	2.0	1.0	0.5	1.0	host_human		
blaA	3	5416	107	4431	97.27272727272728	55.00152330659084	0.0229382652990792	5.6403207223751734e-33	7.10680411019272e-30	0.9880239520958084	7.021692683723345e-30	2.0	1.0	1.0	1.0	1.0	host_marmot		
vat(F)	3	5283	107	4564	97.27272727272728	53.65085812937951	0.0242215818327522	1.1954430280215757e-31	1.5062582153071852e-28	0.8782435129740519	1.3228615064574083e-28	2.0	1.0	1.0	1.0	1.0	host_marmot		
vat(F)	146	5140	16	4655	90.12345679012346	47.524247064829	8.26398346303502	1.3127626861969132e-24	1.6540809846081109e-21	0.0199600798403193	3.301558851513195e-23	7.0	6.0	3.0	0.125	1.0	host_pig		
blaA	149	5270	13	4525	91.9753086419753	46.19703930576825	9.841264049043936	4.998145484919292e-26	6.297663310998308e-23	0.7085828343313373	4.462416118571655e-23	6.0	6.0	2.0	0.03125	0.6875	host_pig		
aadA1	18	50	144	9745	11.11111111111111	99.48953547728432	24.3625	1.5500851030979342e-17	1.9531072299033973e-14	0.0558882235528942	1.0915569348761501e-15	6.0	4.0	4.0	0.6875	0.6875	host_pig		
sat2	12	24	150	9771	7.4074074074074066	99.75497702909648	32.57	2.039779826212632e-13	2.570122581027916e-10	0.9441117764471058	2.4264829956610857e-10	4.0	1.0	4.0	0.125	0.625	host_pig		
dfrA1	12	26	150	9769	7.4074074074074066	99.73455844818784	30.05846153846154	4.290174925335994e-13	5.405620405923352e-10	0.8063872255489022	4.3590232415030615e-10	2.0	1.0	2.0	0.5	1.0	host_pig		
aadA12	12	58	150	9737	7.4074074074074066	99.40786115364982	13.430344827586207	1.0762500897192134e-09	1.3560751130462089e-06	0.5389221556886228	7.308189231985557e-07	1.0	1.0	1.0	1.0	1.0	host_pig		
sul1	13	83	149	9712	8.024691358024691	99.152628892292	10.209104875879357	4.338013744514415e-09	5.465897318088163e-06	0.2654690618762475	1.451026633344762e-06	6.0	2.0	5.0	0.21875	0.6875	host_pig		
catA1	12	62	150	9733	7.4074074074074066	99.36702399183255	12.558709677419357	2.098804100018759e-09	2.6444931660236363e-06	0.7465069860279441	1.9741326229398003e-06	3.0	1.0	3.0	0.25	1.0	host_pig		
aph(6)-Id	12	65	150	9730	7.4074074074074066	99.33639612046964	11.975384615384616	3.370018525428193e-09	4.246223342039524e-06	0.9281437125748504	3.941105497102552e-06	2.0	1.0	2.0	0.5	1.0	host_pig		
floR	9	28	153	9767	5.555555555555555	99.71413986727924	20.51890756302521	5.385979963776061e-09	6.786334754357837e-06	0.626746506986028	4.253311602531658e-06	4.0	1.0	4.0	0.125	0.625	host_pig		
qacEdelta1	13	83	149	9712	8.024691358024691	99.152628892292	10.209104875879357	4.338013744514415e-09	5.465897318088163e-06	0.8363273453093812	4.57127939377034e-06	4.0	2.0	4.0	0.125	1.0	host_pig		
sul2	13	86	149	9709	8.024691358024691	99.12200102092903	9.849929764320274	6.374537083021845e-09	8.031916724607524e-06	0.7365269461077845	5.915723096567218e-06	10.0	4.0	7.0	0.34375	0.75390625	host_pig		
tet(A)	13	88	149	9707	8.024691358024691	99.10158244002042	9.62408480780964	8.176776108636205e-09	1.030273789688162e-05	0.8662674650698603	8.924926641210823e-06	9.0	4.0	6.0	0.5078125	1.0	host_pig		
aph(3'')-Ib	11	64	151	9731	6.790123456790123	99.34660541092394	11.076262417218542	3.002968549451735e-08	3.783740372309186e-05	0.3333333333333333	1.2612467907697286e-05	3.0	2.0	3.0	0.25	1.0	host_pig		
vat(F)	3	5283	375	4296	99.20634920634922	55.15189476980896	0.0065053946621237	2.0195064448933434e-121	2.544578120565613e-118	0.0838323353293413	2.133179262749616e-119	3.0	1.0	2.0	1.0	1.0	host_rodent		
blaA	5	5414	373	4165	98.67724867724868	56.51946967324355	0.010312356704047	3.211193738836953e-122	4.0461041109345607e-119	0.7724550898203593	3.125433714434481e-119	2.0	2.0	2.0	0.5	0.5	host_rodent		
vat(F)	518	4768	3406	1265	86.79918450560652	79.03199071771921	0.0403496149708173	0.0	0.0	0.7644710578842315	0.0	7.0	5.0	5.0	0.453125	0.453125	niche_A		
blaA	555	4864	3369	1169	85.85626911314985	80.6232388529753	0.0395924992384121	0.0	0.0	0.6506986027944112	0.0	6.0	5.0	5.0	0.21875	0.21875	niche_A		
blaYRC	193	23	3731	6010	4.918450560652396	99.61876346759487	13.516949646323985	4.4547549482793415e-54	5.612991234831971e-51	0.3473053892215569	1.9494221055105052e-51	3.0	3.0	1.0	0.25	1.0	niche_A		
qacEdelta1	14	82	3910	5951	99.64322120285422	1.3591911155312448	0.2598527852286195	1.4242631799596608e-07	0.0001794571606749	0.3293413173652694	5.910265770730808e-05	4.0	3.0	3.0	0.625	0.625	niche_A		
sul1	14	82	3910	5951	99.64322120285422	1.3591911155312448	0.2598527852286195	1.4242631799596608e-07	0.0001794571606749	0.4710578842315369	8.45347104177255e-05	6.0	3.0	4.0	0.6875	1.0	niche_A		
tet(C)	3	43	3921	5990	99.92354740061162	0.7127465605834576	0.1065817334211135	8.756660964556853e-07	0.0011033392815341	0.9161676646706588	0.0010108437729025	3.0	2.0	2.0	1.0	1.0	niche_A		
catA1	12	62	3912	5971	99.69418960244649	1.0276810873528923	0.2954185632297645	2.0899482237145213e-05	0.0263333476188029	0.1936127744510978	0.0050984724930616	3.0	1.0	3.0	0.25	1.0	niche_A		
qacK	1	29	3923	6004	99.97451580020387	0.480689540858611	0.0527745303998523	1.2552761792778442e-05	0.0158164798589008	1.0	0.0158164798589008	1.0	1.0	1.0	1.0	1.0	niche_A		
blaA	62	5357	29	4509	68.13186813186813	45.70241232515711	1.7995017798175768	0.008175845417929									niche_E	(62, 5357, 29, 4509)	59.0
vat(F)	60	5226	31	4640	65.93406593406593	47.03020474356375	1.7184548720417765	0.0149581620101023									niche_E	(60, 5226, 31, 4640)	58.0
blaYRC	5	211	86	9655	5.494505494505495	97.8613419825664	2.6603659208641024	0.0475877428788196									niche_E	(5, 211, 86, 9655)	57.0
aac(6')	0	23	91	9843	100.0	0.2331238597202513	0.0	0.9999999999700412									niche_E	(0, 23, 91, 9843)	30.0
estX/sat2	0	10	91	9856	100.0	0.1013581998783701	0.0	0.999999999975446									niche_E	(0, 10, 91, 9856)	42.0
cmlA1	0	6	91	9860	100.0	0.0608149199270221	0.0	0.999999999980922									niche_E	(0, 6, 91, 9860)	37.0
qnrB19	0	6	91	9860	100.0	0.0608149199270221	0.0	0.999999999980922									niche_E	(0, 6, 91, 9860)	6.0
aadA2	0	9	91	9857	100.0	0.0912223798905331	0.0	0.999999999982327									niche_E	(0, 9, 91, 9857)	39.0
blaTEM	0	9	91	9857	100.0	0.0912223798905331	0.0	0.999999999982327									niche_E	(0, 9, 91, 9857)	19.0
aac(3)-IVa	0	4	91	9862	100.0	0.040543279951348	0.0	0.99999999998515									niche_E	(0, 4, 91, 9862)	23.0
aadA5	0	4	91	9862	100.0	0.040543279951348	0.0	0.99999999998515									niche_E	(0, 4, 91, 9862)	41.0
aph(4)-Ia	0	4	91	9862	100.0	0.040543279951348	0.0	0.99999999998515									niche_E	(0, 4, 91, 9862)	23.0
blaYEM-1	0	4	91	9862	100.0	0.040543279951348	0.0	0.99999999998515									niche_E	(0, 4, 91, 9862)	18.0
dfrA17	0	4	91	9862	100.0	0.040543279951348	0.0	0.99999999998515									niche_E	(0, 4, 91, 9862)	41.0
qnrD1	0	4	91	9862	100.0	0.040543279951348	0.0	0.99999999998515									niche_E	(0, 4, 91, 9862)	29.0
aph(6)-Id	0	77	91	9789	100.0	0.7804581390634503	0.0	0.999999999986078									niche_E	(0, 77, 91, 9789)	48.0
aac(6')-Il	0	3	91	9863	100.0	0.030407459963511	0.0	0.9999999999883892									niche_E	(0, 3, 91, 9863)	11.0
aadA22	0	3	91	9863	100.0	0.030407459963511	0.0	0.9999999999883892									niche_E	(0, 3, 91, 9863)	32.0
blaCMY-2	0	3	91	9863	100.0	0.030407459963511	0.0	0.9999999999883892									niche_E	(0, 3, 91, 9863)	11.0
catB2	0	3	91	9863	100.0	0.030407459963511	0.0	0.9999999999883892									niche_E	(0, 3, 91, 9863)	17.0
dfrB1	0	3	91	9863	100.0	0.030407459963511	0.0	0.9999999999883892									niche_E	(0, 3, 91, 9863)	28.0
mph(A)	0	3	91	9863	100.0	0.030407459963511	0.0	0.9999999999883892									niche_E	(0, 3, 91, 9863)	11.0
mrx(A)	0	3	91	9863	100.0	0.030407459963511	0.0	0.9999999999883892									niche_E	(0, 3, 91, 9863)	11.0
tet(Y)	0	3	91	9863	100.0	0.030407459963511	0.0	0.9999999999883892									niche_E	(0, 3, 91, 9863)	13.0
dfrA14	0	21	91	9845	100.0	0.2128522197445773	0.0	0.9999999999895706									niche_E	(0, 21, 91, 9845)	34.0
sat2	0	36	91	9830	100.0	0.3648895195621325	0.0	0.999999999989708									niche_E	(0, 36, 91, 9830)	31.0
aph(3'')-Ib	0	75	91	9791	100.0	0.7601864990877761	0.0	0.9999999999900536									niche_E	(0, 75, 91, 9791)	47.0
blaYEM	0	16	91	9850	100.0	0.1621731198053922	0.0	0.9999999999921938									niche_E	(0, 16, 91, 9850)	20.0
qacEdelta1	0	96	91	9770	100.0	0.9730387188323536	0.0	0.9999999999948254									niche_E	(0, 96, 91, 9770)	54.0
sul1	0	96	91	9770	100.0	0.9730387188323536	0.0	0.9999999999948254									niche_E	(0, 96, 91, 9770)	51.0
catA1	0	74	91	9792	100.0	0.7500506790999392	0.0	0.999999999994972									niche_E	(0, 74, 91, 9792)	53.0
sul2	0	99	91	9767	100.0	1.0034461787958646	0.0	0.999999999996243									niche_E	(0, 99, 91, 9767)	49.0
qacK	0	30	91	9836	100.0	0.3040745996351105	0.0	0.9999999999962492									niche_E	(0, 30, 91, 9836)	46.0
aadA1	0	68	91	9798	100.0	0.6892357591729171	0.0	0.9999999999967756									niche_E	(0, 68, 91, 9798)	43.0
aadA13	0	2	91	9864	100.0	0.020271639975674	0.0	1.0									niche_E	(0, 2, 91, 9864)	27.0
aadA25	0	2	91	9864	100.0	0.020271639975674	0.0	1.0									niche_E	(0, 2, 91, 9864)	22.0
aadA31	0	2	91	9864	100.0	0.020271639975674	0.0	1.0									niche_E	(0, 2, 91, 9864)	24.0
dfrA12	0	2	91	9864	100.0	0.020271639975674	0.0	1.0									niche_E	(0, 2, 91, 9864)	9.0
estX	0	2	91	9864	100.0	0.020271639975674	0.0	1.0									niche_E	(0, 2, 91, 9864)	21.0
dfrA1	0	38	91	9828	100.0	0.3851611595378066	0.0	1.0									niche_E	(0, 38, 91, 9828)	33.0
aadA15	0	1	91	9865	100.0	0.010135819987837	0.0	1.0									niche_E	(0, 1, 91, 9865)	1.0
blaFONA	0	1	91	9865	100.0	0.010135819987837	0.0	1.0									niche_E	(0, 1, 91, 9865)	5.0
blaLAP-2	0	1	91	9865	100.0	0.010135819987837	0.0	1.0									niche_E	(0, 1, 91, 9865)	12.0
blaSHV-1	0	1	91	9865	100.0	0.010135819987837	0.0	1.0									niche_E	(0, 1, 91, 9865)	14.0
blaTEM-135	0	1	91	9865	100.0	0.010135819987837	0.0	1.0									niche_E	(0, 1, 91, 9865)	0.0
catB	0	1	91	9865	100.0	0.010135819987837	0.0	1.0									niche_E	(0, 1, 91, 9865)	7.0
lnu(G)	0	1	91	9865	100.0	0.010135819987837	0.0	1.0									niche_E	(0, 1, 91, 9865)	2.0
mph(B)	0	1	91	9865	100.0	0.010135819987837	0.0	1.0									niche_E	(0, 1, 91, 9865)	3.0
mph(E)	0	1	91	9865	100.0	0.010135819987837	0.0	1.0									niche_E	(0, 1, 91, 9865)	4.0
msr(E)	0	1	91	9865	100.0	0.010135819987837	0.0	1.0									niche_E	(0, 1, 91, 9865)	4.0
qacG2	0	1	91	9865	100.0	0.010135819987837	0.0	1.0									niche_E	(0, 1, 91, 9865)	10.0
qnrD	0	1	91	9865	100.0	0.010135819987837	0.0	1.0									niche_E	(0, 1, 91, 9865)	8.0
qnrS1	0	1	91	9865	100.0	0.010135819987837	0.0	1.0									niche_E	(0, 1, 91, 9865)	12.0
tet(59)	0	1	91	9865	100.0	0.010135819987837	0.0	1.0									niche_E	(0, 1, 91, 9865)	7.0
aadA12	0	70	91	9796	100.0	0.7095073991485911	0.0	1.0									niche_E	(0, 70, 91, 9796)	52.0
floR	0	37	91	9829	100.0	0.3750253395499696	0.0	1.0									niche_E	(0, 37, 91, 9829)	44.0
blaTEM-116	0	14	91	9852	100.0	0.1419014798297182	0.0	1.0									niche_E	(0, 14, 91, 9852)	40.0
tet(B)	0	14	91	9852	100.0	0.1419014798297182	0.0	1.0									niche_E	(0, 14, 91, 9852)	55.0
aph(3')-Ia	0	5	91	9861	100.0	0.050679099939185	0.0	1.0									niche_E	(0, 5, 91, 9861)	15.0
blaTEM-1	0	5	91	9861	100.0	0.050679099939185	0.0	1.0									niche_E	(0, 5, 91, 9861)	26.0
estX-3	0	5	91	9861	100.0	0.050679099939185	0.0	1.0									niche_E	(0, 5, 91, 9861)	36.0
mef(B)	0	5	91	9861	100.0	0.050679099939185	0.0	1.0									niche_E	(0, 5, 91, 9861)	35.0
qacE	0	5	91	9861	100.0	0.050679099939185	0.0	1.0									niche_E	(0, 5, 91, 9861)	50.0
qacL	0	5	91	9861	100.0	0.050679099939185	0.0	1.0									niche_E	(0, 5, 91, 9861)	36.0
tet(H)	0	5	91	9861	100.0	0.050679099939185	0.0	1.0									niche_E	(0, 5, 91, 9861)	25.0
sul3	0	7	91	9859	100.0	0.0709507399148591	0.0	1.0									niche_E	(0, 7, 91, 9859)	38.0
tet(A)	0	101	91	9765	100.0	1.0237178187715386	0.0	1.0									niche_E	(0, 101, 91, 9765)	45.0
tet(C)	0	46	91	9820	100.0	0.4662477194405027	0.0	1.0									niche_E	(0, 46, 91, 9820)	56.0
tet(D)	0	8	91	9858	100.0	0.0810865599026961	0.0	1.0									niche_E	(0, 8, 91, 9858)	16.0
blaA	696	4723	29	4509	96.0	48.84098786828423	22.912555579081094	3.305204374932456e-151	4.1645575124148954e-148	0.8243512974051896	3.4330583884777485e-148	5.0	5.0	2.0	0.0625	1.0	niche_F		
vat(F)	671	4615	54	4617	92.55172413793105	50.01083188908145	12.431310942578548	3.4683325559326803e-128	4.3700990204751767e-125	0.9441117764471058	4.125861949470576e-125	6.0	4.0	3.0	0.6875	1.0	niche_F		
blaYRC	1	215	724	9017	99.86206896551724	2.3288561525129983	0.0579275343697802	2.0062185958530225e-06	0.0025278354307748	0.9201596806387226	0.0023260122426889	3.0	1.0	3.0	0.25	1.0	niche_F		
vat(F)	3570	1716	385	4286	90.2654867256637	71.40953015661447	23.160203432930707	0.0	0.0	0.7425149700598802	0.0	7.0	5.0	4.0	0.453125	1.0	niche_H		
blaA	3599	1820	356	4182	90.99873577749683	69.67677440853049	23.22974749969132	0.0	0.0	0.6906187624750499	0.0	7.0	6.0	4.0	0.125	1.0	niche_H		
blaYRC	3	213	3952	5789	99.92414664981035	3.5488170609796734	0.0206313793693334	7.01373644972798e-43	8.837307926657255e-40	0.5349301397205589	4.727342363960369e-40	3.0	1.0	3.0	0.25	1.0	niche_H		
tet(C)	43	3	3912	5999	1.0872313527180784	99.95001666111295	21.97997614178596	1.7557408390364322e-14	2.2122334571859048e-11	0.9121756487025948	2.017945488890137e-11	3.0	2.0	2.0	1.0	1.0	niche_H		
qacK	27	3	3928	5999	0.6826801517067004	99.95001666111295	13.745162932790224	1.359603165718885e-08	1.713099988805795e-05	1.0	1.713099988805795e-05	1.0	1.0	1.0	1.0	1.0	niche_H		
sul1	62	34	3893	5968	1.5676359039190897	99.43352215928024	2.795485109019205	9.120617198250758e-07	0.0011491977669795	0.4271457085828343	0.0004908748944783	6.0	4.0	4.0	0.6875	0.6875	niche_H		
qacEdelta1	61	35	3894	5967	1.542351453855879	99.41686104631788	2.6706801672903366	2.702248114363901e-06	0.0034048326240985	0.1676646706586826	0.0005708701405674	4.0	2.0	4.0	0.125	1.0	niche_H		
catA1	48	26	3907	5976	1.213653603034134	99.566811062979	2.823807367446989	1.2998249238011833e-05	0.0163777940398949	0.0558882235528942	0.0009153258146049	5.0	5.0	1.0	0.0625	0.375	niche_H		
vat(F)	168	5118	3297	1374	95.15151515151516	78.8354898336414	0.0136797066927516	0.0	0.0	0.7724550898203593	0.0	7.0	5.0	4.0	0.453125	1.0	region_Asia_Central		
blaA	173	5246	3292	1246	95.007215007215	80.8071472581639	0.0124817658909478	0.0	0.0	0.718562874251497	0.0	7.0	6.0	3.0	0.125	1.0	region_Asia_Central		
blaYRC	6	210	3459	6282	99.82683982683984	3.234750462107209	0.0518894808573906	1.532245912271867e-31	1.9306298494625526e-28	0.6746506986027944	1.3025007766833186e-28	3.0	1.0	3.0	0.25	1.0	region_Asia_Central		
catA1	0	74	3465	6418	100.0	1.139864448552064	0.0	3.2701208305051085e-14	4.120352246436436e-11	0.2215568862275449	9.128924138811264e-12	3.0	0.0	3.0	0.25	0.25	region_Asia_Central		
sul1	3	93	3462	6399	99.91341991341992	1.432532347504621	0.0596243081567618	5.0476078018590033e-14	6.359985830342342e-11	0.217564870259481	1.3837094920305695e-11	5.0	1.0	4.0	0.375	0.375	region_Asia_Central		
qacEdelta1	3	93	3462	6399	99.91341991341992	1.432532347504621	0.0596243081567618	5.0476078018590033e-14	6.359985830342342e-11	0.5409181636726547	3.4402318563328834e-11	4.0	1.0	3.0	0.625	0.625	region_Asia_Central		
aadA12	0	70	3465	6422	100.0	1.0782501540357363	0.0	1.556918679024954e-13	1.9617175355714417e-10	0.6447105788423154	1.2647400478833847e-10	1.0	0.0	1.0	1.0	1.0	region_Asia_Central		
aadA1	2	66	3463	6426	99.94227994227994	1.0166358595194085	0.0562308035597091	2.1775941563787191e-10	2.743768637037187e-07	0.780439121756487	2.141344385392295e-07	6.0	2.0	4.0	0.6875	0.6875	region_Asia_Central		
tet(C)	0	46	3465	6446	100.0	0.7085643869377696	0.0	4.596399681591492e-09	5.79146359880528e-06	0.8423153692614771	4.878238799792072e-06	3.0	0.0	3.0	0.25	0.25	region_Asia_Central		
dfrA1	0	38	3465	6454	100.0	0.5853357979051139	0.0	1.1484587302832789e-07	0.0001447058000156	0.4131736526946107	5.978862395857979e-05	2.0	0.0	2.0	0.5	0.5	region_Asia_Central		
sat2	0	36	3465	6456	100.0	0.5545286506469501	0.0	3.586638891724238e-07	0.0004519165003572	0.4291417165668663	0.0001939362227082	4.0	0.0	4.0	0.125	0.125	region_Asia_Central		
qacK	0	30	3465	6462	100.0	0.4621072088724584	0.0	3.1127463204473263e-06	0.0039220603637636	1.0	0.0039220603637636	1.0	0.0	1.0	1.0	1.0	region_Asia_Central		
blaA	55	5364	18	4520	75.34246575342466	45.73047349251315	2.5747783577761205	0.0003349120171793									region_Asia_East	(55, 5364, 18, 4520)	59.0
vat(F)	54	5232	19	4652	73.97260273972603	47.06596519627681	2.527040077257364	0.0003472774219671									region_Asia_East	(54, 5232, 19, 4652)	58.0
blaTEM	2	7	71	9877	2.73972602739726	99.92917847025495	39.74647887323944	0.001846197334839									region_Asia_East	(2, 7, 71, 9877)	56.0
tet(C)	1	45	72	9839	1.36986301369863	99.54471873735328	3.0367283950617283	0.287704627676226									region_Asia_East	(1, 45, 72, 9839)	57.0
blaYRC	0	216	73	9668	100.0	2.185350060704168	0.0	0.4113045132826286									region_Asia_East	(0, 216, 73, 9668)	29.0
dfrA1	0	38	73	9846	100.0	0.3844597329016592	0.0	0.9999999999775364									region_Asia_East	(0, 38, 73, 9846)	33.0
dfrA14	0	21	73	9863	100.0	0.2124645892351275	0.0	0.9999999999809877									region_Asia_East	(0, 21, 73, 9863)	34.0
aac(3)-IVa	0	4	73	9880	100.0	0.0404694455685957	0.0	0.999999999984235									region_Asia_East	(0, 4, 73, 9880)	22.0
aadA5	0	4	73	9880	100.0	0.0404694455685957	0.0	0.999999999984235									region_Asia_East	(0, 4, 73, 9880)	41.0
aph(4)-Ia	0	4	73	9880	100.0	0.0404694455685957	0.0	0.999999999984235									region_Asia_East	(0, 4, 73, 9880)	22.0
blaYEM-1	0	4	73	9880	100.0	0.0404694455685957	0.0	0.999999999984235									region_Asia_East	(0, 4, 73, 9880)	18.0
dfrA17	0	4	73	9880	100.0	0.0404694455685957	0.0	0.999999999984235									region_Asia_East	(0, 4, 73, 9880)	41.0
qnrD1	0	4	73	9880	100.0	0.0404694455685957	0.0	0.999999999984235									region_Asia_East	(0, 4, 73, 9880)	28.0
cmlA1	0	6	73	9878	100.0	0.0607041683528935	0.0	0.9999999999861302									region_Asia_East	(0, 6, 73, 9878)	37.0
qnrB19	0	6	73	9878	100.0	0.0607041683528935	0.0	0.9999999999861302									region_Asia_East	(0, 6, 73, 9878)	6.0
aadA12	0	70	73	9814	100.0	0.708215297450425	0.0	0.999999999988763									region_Asia_East	(0, 70, 73, 9814)	52.0
aph(3')-Ia	0	5	73	9879	100.0	0.0505868069607446	0.0	0.9999999999894464									region_Asia_East	(0, 5, 73, 9879)	15.0
blaTEM-1	0	5	73	9879	100.0	0.0505868069607446	0.0	0.9999999999894464									region_Asia_East	(0, 5, 73, 9879)	25.0
estX-3	0	5	73	9879	100.0	0.0505868069607446	0.0	0.9999999999894464									region_Asia_East	(0, 5, 73, 9879)	36.0
mef(B)	0	5	73	9879	100.0	0.0505868069607446	0.0	0.9999999999894464									region_Asia_East	(0, 5, 73, 9879)	35.0
qacE	0	5	73	9879	100.0	0.0505868069607446	0.0	0.9999999999894464									region_Asia_East	(0, 5, 73, 9879)	50.0
qacL	0	5	73	9879	100.0	0.0505868069607446	0.0	0.9999999999894464									region_Asia_East	(0, 5, 73, 9879)	36.0
tet(H)	0	5	73	9879	100.0	0.0505868069607446	0.0	0.9999999999894464									region_Asia_East	(0, 5, 73, 9879)	24.0
aadA13	0	2	73	9882	100.0	0.0202347227842978	0.0	0.9999999999901554									region_Asia_East	(0, 2, 73, 9882)	26.0
aadA25	0	2	73	9882	100.0	0.0202347227842978	0.0	0.9999999999901554									region_Asia_East	(0, 2, 73, 9882)	21.0
aadA31	0	2	73	9882	100.0	0.0202347227842978	0.0	0.9999999999901554									region_Asia_East	(0, 2, 73, 9882)	23.0
dfrA12	0	2	73	9882	100.0	0.0202347227842978	0.0	0.9999999999901554									region_Asia_East	(0, 2, 73, 9882)	9.0
estX	0	2	73	9882	100.0	0.0202347227842978	0.0	0.9999999999901554									region_Asia_East	(0, 2, 73, 9882)	20.0
estX/sat2	0	10	73	9874	100.0	0.1011736139214892	0.0	0.9999999999909333									region_Asia_East	(0, 10, 73, 9874)	42.0
aadA15	0	1	73	9883	100.0	0.0101173613921489	0.0	0.9999999999930572									region_Asia_East	(0, 1, 73, 9883)	1.0
blaFONA	0	1	73	9883	100.0	0.0101173613921489	0.0	0.9999999999930572									region_Asia_East	(0, 1, 73, 9883)	5.0
blaLAP-2	0	1	73	9883	100.0	0.0101173613921489	0.0	0.9999999999930572									region_Asia_East	(0, 1, 73, 9883)	12.0
blaSHV-1	0	1	73	9883	100.0	0.0101173613921489	0.0	0.9999999999930572									region_Asia_East	(0, 1, 73, 9883)	14.0
blaTEM-135	0	1	73	9883	100.0	0.0101173613921489	0.0	0.9999999999930572									region_Asia_East	(0, 1, 73, 9883)	0.0
catB	0	1	73	9883	100.0	0.0101173613921489	0.0	0.9999999999930572									region_Asia_East	(0, 1, 73, 9883)	7.0
lnu(G)	0	1	73	9883	100.0	0.0101173613921489	0.0	0.9999999999930572									region_Asia_East	(0, 1, 73, 9883)	2.0
mph(B)	0	1	73	9883	100.0	0.0101173613921489	0.0	0.9999999999930572									region_Asia_East	(0, 1, 73, 9883)	3.0
mph(E)	0	1	73	9883	100.0	0.0101173613921489	0.0	0.9999999999930572									region_Asia_East	(0, 1, 73, 9883)	4.0
msr(E)	0	1	73	9883	100.0	0.0101173613921489	0.0	0.9999999999930572									region_Asia_East	(0, 1, 73, 9883)	4.0
qacG2	0	1	73	9883	100.0	0.0101173613921489	0.0	0.9999999999930572									region_Asia_East	(0, 1, 73, 9883)	10.0
qnrD	0	1	73	9883	100.0	0.0101173613921489	0.0	0.9999999999930572									region_Asia_East	(0, 1, 73, 9883)	8.0
qnrS1	0	1	73	9883	100.0	0.0101173613921489	0.0	0.9999999999930572									region_Asia_East	(0, 1, 73, 9883)	12.0
tet(59)	0	1	73	9883	100.0	0.0101173613921489	0.0	0.9999999999930572									region_Asia_East	(0, 1, 73, 9883)	7.0
floR	0	37	73	9847	100.0	0.3743423715095103	0.0	0.9999999999938172									region_Asia_East	(0, 37, 73, 9847)	44.0
aadA2	0	9	73	9875	100.0	0.0910562525293403	0.0	0.9999999999988308									region_Asia_East	(0, 9, 73, 9875)	39.0
tet(D)	0	8	73	9876	100.0	0.0809388911371914	0.0	1.0									region_Asia_East	(0, 8, 73, 9876)	16.0
catA1	0	74	73	9810	100.0	0.7486847430190205	0.0	1.0									region_Asia_East	(0, 74, 73, 9810)	53.0
aph(6)-Id	0	77	73	9807	100.0	0.7790368271954674	0.0	1.0									region_Asia_East	(0, 77, 73, 9807)	48.0
aph(3'')-Ib	0	75	73	9809	100.0	0.7588021044111696	0.0	1.0									region_Asia_East	(0, 75, 73, 9809)	47.0
blaTEM-116	0	14	73	9870	100.0	0.141643059490085	0.0	1.0									region_Asia_East	(0, 14, 73, 9870)	40.0
tet(B)	0	14	73	9870	100.0	0.141643059490085	0.0	1.0									region_Asia_East	(0, 14, 73, 9870)	55.0
aadA1	0	68	73	9816	100.0	0.6879805746661272	0.0	1.0									region_Asia_East	(0, 68, 73, 9816)	43.0
qacEdelta1	0	96	73	9788	100.0	0.9712666936462968	0.0	1.0									region_Asia_East	(0, 96, 73, 9788)	54.0
sul1	0	96	73	9788	100.0	0.9712666936462968	0.0	1.0									region_Asia_East	(0, 96, 73, 9788)	51.0
qacK	0	30	73	9854	100.0	0.3035208417644678	0.0	1.0									region_Asia_East	(0, 30, 73, 9854)	46.0
sat2	0	36	73	9848	100.0	0.3642250101173613	0.0	1.0									region_Asia_East	(0, 36, 73, 9848)	31.0
sul2	0	99	73	9785	100.0	1.001618777822744	0.0	1.0									region_Asia_East	(0, 99, 73, 9785)	49.0
sul3	0	7	73	9877	100.0	0.0708215297450425	0.0	1.0									region_Asia_East	(0, 7, 73, 9877)	38.0
tet(A)	0	101	73	9783	100.0	1.0218535006070415	0.0	1.0									region_Asia_East	(0, 101, 73, 9783)	45.0
aac(6')	0	23	73	9861	100.0	0.2326993120194253	0.0	1.0									region_Asia_East	(0, 23, 73, 9861)	30.0
blaYEM	0	16	73	9868	100.0	0.1618777822743828	0.0	1.0									region_Asia_East	(0, 16, 73, 9868)	19.0
aac(6')-Il	0	3	73	9881	100.0	0.0303520841764467	0.0	1.0									region_Asia_East	(0, 3, 73, 9881)	11.0
aadA22	0	3	73	9881	100.0	0.0303520841764467	0.0	1.0									region_Asia_East	(0, 3, 73, 9881)	32.0
blaCMY-2	0	3	73	9881	100.0	0.0303520841764467	0.0	1.0									region_Asia_East	(0, 3, 73, 9881)	11.0
catB2	0	3	73	9881	100.0	0.0303520841764467	0.0	1.0									region_Asia_East	(0, 3, 73, 9881)	17.0
dfrB1	0	3	73	9881	100.0	0.0303520841764467	0.0	1.0									region_Asia_East	(0, 3, 73, 9881)	27.0
mph(A)	0	3	73	9881	100.0	0.0303520841764467	0.0	1.0									region_Asia_East	(0, 3, 73, 9881)	11.0
mrx(A)	0	3	73	9881	100.0	0.0303520841764467	0.0	1.0									region_Asia_East	(0, 3, 73, 9881)	11.0
tet(Y)	0	3	73	9881	100.0	0.0303520841764467	0.0	1.0									region_Asia_East	(0, 3, 73, 9881)	13.0
vat(F)	2296	2990	286	4385	88.92331525948876	59.45762711864406	11.77346399419978	0.0	0.0	0.4590818363273453	0.0	7.0	6.0	3.0	0.125	1.0	region_Europe		
blaA	2360	3059	222	4316	91.4020139426801	58.52203389830508	14.998954495522002	0.0	0.0	0.4131736526946107	0.0	7.0	7.0	3.0	0.015625	1.0	region_Europe		
aadA12	60	10	2522	7365	2.323780015491866	99.86440677966102	17.5218080888184	8.959431480875017e-26	1.128888366590252e-22	0.2734530938123752	3.086980164129033e-23	2.0	2.0	1.0	0.5	1.0	region_Europe		
catA1	61	13	2521	7362	2.362509682416732	99.82372881355931	13.702804137552253	2.534407524143236e-24	3.193353480420477e-21	0.7365269461077845	2.3519908867767587e-21	5.0	3.0	4.0	0.375	1.0	region_Europe		
qacEdelta1	69	27	2513	7348	2.672347017815647	99.63389830508474	7.472432241234469	3.998789576179931e-21	5.038474865986713e-18	0.2934131736526946	1.4783549007984965e-18	6.0	3.0	5.0	0.21875	1.0	region_Europe		
sul1	68	28	2514	7347	2.6336173508907823	99.62033898305084	7.097340606887146	2.903085686034968e-20	3.6578879644040604e-17	0.0978043912175648	3.5775750550059675e-18	8.0	3.0	7.0	0.0703125	0.7265625	region_Europe		
qacK	21	9	2561	7366	0.8133230054221533	99.87796610169492	6.711180528439412	5.236429093547908e-07	0.000659790065787	1.0	0.000659790065787	1.0	1.0	1.0	1.0	1.0	region_Europe		
tet(C)	0	46	2582	7329	100.0	0.6237288135593221	0.0	1.5542731830672651e-06	0.0019583842106647	0.9021956087824352	0.0017668456351705	3.0	0.0	3.0	0.25	0.25	region_Europe		
blaA	1291	4128	85	4453	93.82267441860463	51.89371868080643	16.384014477884175	3.6893134566800114e-263	4.6485349554168154e-260	0.654690618762475	3.0433522263008282e-260	5.0	5.0	3.0	0.0625	1.0	region_North_America		
vat(F)	1268	4018	108	4563	92.15116279069768	53.17562055704463	13.33325037332006	4.121550575804714e-251	5.19315372551394e-248	0.6427145708582834	3.3377155680947874e-248	6.0	5.0	3.0	0.21875	1.0	region_North_America		
tet(C)	38	8	1338	8573	2.761627906976744	99.90677077263722	30.434790732436472	1.1812754566371548e-25	1.488407075362815e-22	0.1057884231536926	1.5745623751343152e-23	3.0	3.0	1.0	0.25	1.0	region_North_America		
blaYRC	58	158	1318	8423	4.215116279069767	98.15872275958512	2.345969151572194	3.685250657821144e-07	0.0004643415828854	0.5389221556886228	0.0002502439668245	3.0	2.0	2.0	1.0	1.0	region_North_America		
catA1	0	74	1376	8507	100.0	0.8623703531056987	0.0	2.601484481054593e-05	0.0327787044612878	0.5289421157684631	0.0173380372899027	4.0	0.0	4.0	0.125	0.125	region_North_America		
vat(F)	561	4725	55	4616	91.07142857142856	49.41655069050423	9.964698412698413	1.3258725882875672e-98	1.6705994612423346e-95	0.1497005988023952	2.500897397069363e-96	3.0	1.0	2.0	1.0	1.0	region_Oceania		
blaA	561	4858	55	4483	91.07142857142856	47.9927202654962	9.41263894606834	4.915542714657221e-93	6.1935838204681e-90	0.0039920159680638	2.472488551085069e-92	2.0	1.0	2.0	0.5	1.0	region_Oceania		
blaYRC	52	164	564	9177	8.441558441558442	98.244299325554	5.159185262065386	5.1093664513639096e-18	6.437801728718525e-15	0.940119760479042	6.052304619214422e-15	2.0	1.0	2.0	0.5	1.0	region_Oceania		
sat2	12	24	31	9890	27.906976744186046	99.75791809562236	159.51612903225808	9.096925048733372e-21	1.1462125561404049e-17	0.9740518962075848	1.1164705137655041e-17	2.0	1.0	2.0	0.5	1.0	region_South_America		
dfrA1	12	26	31	9888	27.906976744186046	99.73774460359088	147.21588089330024	1.956406294872526e-20	2.465071931539383e-17	0.908183632734531	2.2387379817373643e-17	2.0	1.0	2.0	0.5	1.0	region_South_America		
aadA1	12	56	31	9858	27.906976744186046	99.43514222311882	68.14285714285714	4.8248960977724335e-17	6.079369083193266e-14	0.9101796407185628	5.533317967936387e-14	3.0	1.0	3.0	0.25	1.0	region_South_America		
floR	9	28	34	9886	20.930232558139537	99.7175711115594	93.46008403361344	2.4363307357026238e-14	3.069776726985306e-11	0.0998003992015968	3.063649428129048e-12	2.0	1.0	1.0	1.0	1.0	region_South_America		
aph(3'')-Ib	9	66	34	9848	20.930232558139537	99.33427476296148	39.49732620320856	2.1872276956805385e-11	2.7559068965574785e-08	0.24750499001996	6.821007089283978e-09	2.0	1.0	1.0	1.0	1.0	region_South_America		
aph(6)-Id	9	68	34	9846	20.930232558139537	99.31410127093	38.32785467128028	2.7920812799322765e-11	3.5180224127146686e-08	0.2674650698602794	9.409481103867577e-09	1.0	1.0	1.0	1.0	1.0	region_South_America		
sul2	9	90	34	9824	20.930232558139537	99.0921928585838	28.894117647058824	2.7987550869792536e-10	3.52643140959386e-07	0.846307385229541	2.984444945444704e-07	4.0	1.0	3.0	0.625	0.625	region_South_America		
tet(A)	9	92	34	9822	20.930232558139537	99.07201936655235	28.26023017902813	3.355573122059942e-10	4.228022133795529e-07	0.8502994011976048	3.595084688616557e-07	4.0	1.0	3.0	0.625	0.625	region_South_America		
